No,Kategori,Jenis,Deskripsi,Pertanyaan,Jawaban
1,Layanan PT Disty,Web Development,Layanan Web Development Berbasis Cloud Dengan Unlimited Basis Data,Apa itu layanan Web Development pada PT Disty?,Layanan Web Development PT Disty adalah layanan Web Development Berbasis Cloud Dengan Unlimited Basis Data.
2,Layanan PT Disty,Web Development,Layanan Web Development Berbasis Cloud Dengan Unlimited Basis Data,Bisa jelasin layanan web development yang Disty tawarkan?,Disty menawarkan layanan Web Development Berbasis Cloud Dengan Unlimited Basis Data untuk kebutuhan bisnis Anda.
3,Layanan PT Disty,Web Development,Layanan Web Development Berbasis Cloud Dengan Unlimited Basis Data,Gimana sih layanan web development di PT Disty?,Layanan web development Disty berbasis cloud dan dilengkapi dengan unlimited basis data.
4,Layanan PT Disty,Web Development,Layanan Web Development Berbasis Cloud Dengan Unlimited Basis Data,PT Disty punya layanan untuk bikin website nggak?,Ada! PT Disty menyediakan layanan Web Development Berbasis Cloud Dengan Unlimited Basis Data.
5,Layanan PT Disty,Web Development,Layanan Web Development Berbasis Cloud Dengan Unlimited Basis Data,Tolong jelaskan secara singkat layanan web development yang dimiliki PT Disty!,PT Disty memiliki layanan Web Development Berbasis Cloud Dengan Unlimited Basis Data yang siap mendukung kebutuhan digital Anda.
6,Layanan PT Disty,Web Development,Layanan Web Development Berbasis Cloud Dengan Unlimited Basis Data,Apa keunggulan web development dari PT Disty?,Keunggulan Web Development PT Disty adalah berbasis cloud dengan kapasitas basis data yang tidak terbatas (unlimited).
7,Layanan PT Disty,Web Development,Layanan Web Development Berbasis Cloud Dengan Unlimited Basis Data,Disty bisa bantu development website berbasis cloud gak?,Bisa! Layanan Web Development PT Disty memang berbasis cloud dan menggunakan unlimited basis data.
8,Layanan PT Disty,Web Development,Layanan Web Development Berbasis Cloud Dengan Unlimited Basis Data,Layanan web development PT Disty itu seperti apa?,PT Disty menawarkan Web Development Berbasis Cloud Dengan Unlimited Basis Data untuk mendukung pertumbuhan bisnis Anda.
9,Layanan PT Disty,Web Development,Layanan Web Development Berbasis Cloud Dengan Unlimited Basis Data,Apakah PT Disty menyediakan jasa pembuatan website?,"Ya, PT Disty menyediakan jasa Web Development Berbasis Cloud Dengan Unlimited Basis Data."
10,Layanan PT Disty,Web Development,Layanan Web Development Berbasis Cloud Dengan Unlimited Basis Data,"Mau tau dong, web development di Disty itu pakai sistem apa?","Web Development di PT Disty menggunakan sistem berbasis cloud dengan unlimited basis data, jadi kapasitas penyimpanan data tidak terbatas."
11,Layanan PT Disty,Mobile Development,Desain Website Yang Responsif Bisa di Tampilkan Sempurna di Layar Mobile,Apa itu layanan Mobile Development pada PT Disty?,Layanan Mobile Development PT Disty menawarkan desain website yang responsif dan dapat ditampilkan sempurna di layar mobile.
12,Layanan PT Disty,Mobile Development,Desain Website Yang Responsif Bisa di Tampilkan Sempurna di Layar Mobile,PT Disty ada layanan untuk mobile development gak?,Ada! PT Disty menyediakan layanan Mobile Development dengan desain website yang responsif dan tampil sempurna di layar mobile.
13,Layanan PT Disty,Mobile Development,Desain Website Yang Responsif Bisa di Tampilkan Sempurna di Layar Mobile,Ceritain dong layanan mobile development dari PT Disty!,PT Disty menawarkan Mobile Development berupa desain website yang responsif sehingga bisa ditampilkan sempurna di layar mobile.
14,Layanan PT Disty,Mobile Development,Desain Website Yang Responsif Bisa di Tampilkan Sempurna di Layar Mobile,Apakah website yang dibuat PT Disty bisa dibuka dengan nyaman di HP?,"Ya, layanan Mobile Development PT Disty memastikan desain website responsif sehingga tampil sempurna di layar mobile."
15,Layanan PT Disty,Mobile Development,Desain Website Yang Responsif Bisa di Tampilkan Sempurna di Layar Mobile,Bagaimana PT Disty memastikan tampilan website optimal di perangkat mobile?,PT Disty menyediakan layanan Mobile Development dengan desain website yang responsif agar dapat ditampilkan secara sempurna di layar mobile.
16,Layanan PT Disty,Mobile Development,Desain Website Yang Responsif Bisa di Tampilkan Sempurna di Layar Mobile,Mobile development Disty itu buat apa aja?,Mobile Development PT Disty fokus pada desain website yang responsif agar tampil sempurna di berbagai ukuran layar mobile.
17,Layanan PT Disty,Mobile Development,Desain Website Yang Responsif Bisa di Tampilkan Sempurna di Layar Mobile,Jelaskan layanan mobile development yang ditawarkan PT Disty secara singkat.,PT Disty menawarkan Mobile Development dengan desain website responsif yang dapat ditampilkan sempurna di layar mobile.
18,Layanan PT Disty,Mobile Development,Desain Website Yang Responsif Bisa di Tampilkan Sempurna di Layar Mobile,Apakah Disty juga melayani optimasi tampilan website untuk pengguna HP?,Tentu! Layanan Mobile Development PT Disty dirancang khusus agar website tampil sempurna di layar mobile.
19,Layanan PT Disty,Mobile Development,Desain Website Yang Responsif Bisa di Tampilkan Sempurna di Layar Mobile,"Kalo website saya mau dibikin mobile-friendly, Disty bisa bantu?",Bisa banget! PT Disty punya layanan Mobile Development yang menghadirkan desain website responsif dan tampil sempurna di layar mobile.
20,Layanan PT Disty,Mobile Development,Desain Website Yang Responsif Bisa di Tampilkan Sempurna di Layar Mobile,Apa yang membedakan layanan mobile development PT Disty dengan lainnya?,Layanan Mobile Development PT Disty memastikan desain website yang responsif sehingga dapat ditampilkan secara sempurna di layar mobile.
21,Layanan PT Disty,Aplikasi Android dan IOS,Bisnis Anda Akan Memiliki Layanan Aplikasi Yang Tersedia di Google Play & APP Store,Apa layanan aplikasi Android dan iOS dari PT Disty?,PT Disty menyediakan layanan aplikasi yang akan membuat bisnis Anda tersedia di Google Play Store & App Store.
22,Layanan PT Disty,Aplikasi Android dan IOS,Bisnis Anda Akan Memiliki Layanan Aplikasi Yang Tersedia di Google Play & APP Store,Disty bisa buatin aplikasi buat Android dan iPhone gak?,Bisa! PT Disty menyediakan layanan Aplikasi Android dan iOS yang tersedia di Google Play & App Store.
23,Layanan PT Disty,Aplikasi Android dan IOS,Bisnis Anda Akan Memiliki Layanan Aplikasi Yang Tersedia di Google Play & APP Store,Gimana cara PT Disty membantu bisnis saya hadir di Google Play dan App Store?,"Melalui layanan Aplikasi Android dan iOS, PT Disty akan mengembangkan aplikasi bisnis Anda hingga tersedia di Google Play & App Store."
24,Layanan PT Disty,Aplikasi Android dan IOS,Bisnis Anda Akan Memiliki Layanan Aplikasi Yang Tersedia di Google Play & APP Store,Apakah PT Disty melayani pembuatan aplikasi mobile untuk bisnis?,"Ya, PT Disty memiliki layanan Aplikasi Android dan iOS sehingga bisnis Anda bisa hadir di Google Play & App Store."
25,Layanan PT Disty,Aplikasi Android dan IOS,Bisnis Anda Akan Memiliki Layanan Aplikasi Yang Tersedia di Google Play & APP Store,Tolong jelaskan layanan aplikasi Android dan iOS yang dimiliki PT Disty!,PT Disty menawarkan layanan pembuatan Aplikasi Android dan iOS agar bisnis Anda memiliki aplikasi yang tersedia di Google Play & App Store.
26,Layanan PT Disty,Aplikasi Android dan IOS,Bisnis Anda Akan Memiliki Layanan Aplikasi Yang Tersedia di Google Play & APP Store,"Mau bisnis saya punya aplikasi sendiri, Disty bisa bantu?","Tentu! Dengan layanan Aplikasi Android dan iOS PT Disty, bisnis Anda akan hadir di Google Play & App Store."
27,Layanan PT Disty,Aplikasi Android dan IOS,Bisnis Anda Akan Memiliki Layanan Aplikasi Yang Tersedia di Google Play & APP Store,PT Disty ada layanan pengembangan aplikasi crossplatform gak?,Ada! PT Disty menyediakan layanan Aplikasi Android dan iOS yang akan membuat aplikasi bisnis Anda tersedia di Google Play & App Store.
28,Layanan PT Disty,Aplikasi Android dan IOS,Bisnis Anda Akan Memiliki Layanan Aplikasi Yang Tersedia di Google Play & APP Store,Apa manfaat layanan Aplikasi Android dan iOS dari PT Disty?,"Manfaatnya adalah bisnis Anda akan memiliki aplikasi yang tersedia di Google Play & App Store, menjangkau lebih banyak pengguna."
29,Layanan PT Disty,Aplikasi Android dan IOS,Bisnis Anda Akan Memiliki Layanan Aplikasi Yang Tersedia di Google Play & APP Store,Apakah Disty bisa membantu saya publish aplikasi ke App Store dan Google Play?,"Ya, layanan Aplikasi Android dan iOS PT Disty memastikan bisnis Anda tersedia di Google Play & App Store."
30,Layanan PT Disty,Aplikasi Android dan IOS,Bisnis Anda Akan Memiliki Layanan Aplikasi Yang Tersedia di Google Play & APP Store,Layanan app development Disty itu buat platform apa aja?,"Layanan Aplikasi PT Disty mencakup platform Android dan iOS, sehingga bisnis Anda tersedia di Google Play & App Store."
31,Layanan PT Disty,Digital Marketing,"Layanan SEO & Manajemen Konten Digital Facebook, Google, Instagram, TikTok",Apa itu layanan Digital Marketing pada PT Disty?,"Layanan Digital Marketing PT Disty mencakup SEO & Manajemen Konten Digital di Facebook, Google, Instagram, dan TikTok."
32,Layanan PT Disty,Digital Marketing,"Layanan SEO & Manajemen Konten Digital Facebook, Google, Instagram, TikTok",Disty ada layanan buat promosi online gak?,"Ada! PT Disty menyediakan layanan Digital Marketing berupa SEO & Manajemen Konten Digital di Facebook, Google, Instagram, dan TikTok."
33,Layanan PT Disty,Digital Marketing,"Layanan SEO & Manajemen Konten Digital Facebook, Google, Instagram, TikTok",Gimana PT Disty bisa bantu marketing digital bisnis saya?,"PT Disty menawarkan layanan SEO & Manajemen Konten Digital di berbagai platform seperti Facebook, Google, Instagram, dan TikTok."
34,Layanan PT Disty,Digital Marketing,"Layanan SEO & Manajemen Konten Digital Facebook, Google, Instagram, TikTok",Platform apa saja yang dikelola dalam layanan Digital Marketing PT Disty?,"Layanan Digital Marketing PT Disty mencakup platform Facebook, Google, Instagram, dan TikTok dengan layanan SEO & Manajemen Konten Digital."
35,Layanan PT Disty,Digital Marketing,"Layanan SEO & Manajemen Konten Digital Facebook, Google, Instagram, TikTok",Tolong jelaskan layanan digital marketing yang dimiliki PT Disty!,"PT Disty menyediakan layanan Digital Marketing meliputi SEO & Manajemen Konten Digital di Facebook, Google, Instagram, dan TikTok."
36,Layanan PT Disty,Digital Marketing,"Layanan SEO & Manajemen Konten Digital Facebook, Google, Instagram, TikTok",Apakah PT Disty bisa mengelola media sosial dan SEO bisnis saya?,"Tentu! Layanan Digital Marketing PT Disty mencakup SEO & Manajemen Konten Digital di Facebook, Google, Instagram, dan TikTok."
37,Layanan PT Disty,Digital Marketing,"Layanan SEO & Manajemen Konten Digital Facebook, Google, Instagram, TikTok","Mau boost penjualan lewat online, PT Disty bisa bantu gak?","Bisa! PT Disty punya layanan Digital Marketing yang meliputi SEO & Manajemen Konten Digital di Facebook, Google, Instagram, dan TikTok."
38,Layanan PT Disty,Digital Marketing,"Layanan SEO & Manajemen Konten Digital Facebook, Google, Instagram, TikTok",Apa saja yang termasuk dalam layanan digital marketing PT Disty?,"Layanan Digital Marketing PT Disty meliputi SEO dan Manajemen Konten Digital di platform Facebook, Google, Instagram, serta TikTok."
39,Layanan PT Disty,Digital Marketing,"Layanan SEO & Manajemen Konten Digital Facebook, Google, Instagram, TikTok",Apakah layanan Digital Marketing Disty juga mencakup TikTok?,"Ya! Layanan Digital Marketing PT Disty mencakup SEO & Manajemen Konten Digital termasuk platform TikTok, Facebook, Google, dan Instagram."
40,Layanan PT Disty,Digital Marketing,"Layanan SEO & Manajemen Konten Digital Facebook, Google, Instagram, TikTok",Disty bisa gak bantu kelola konten buat semua sosmed sekaligus?,"Bisa! Layanan Digital Marketing PT Disty mengelola konten digital di Facebook, Google, Instagram, dan TikTok sekaligus dengan strategi SEO."
41,Layanan PT Disty,Enterprise Application Integration,Integrasi Layanan Perusahaan Anda Dengan Web Service Untuk Pembayaran E-Wallet & Integrasi Antar Aplikasi,Apa itu layanan Enterprise Application Integration pada PT Disty?,Layanan Enterprise Application Integration PT Disty mengintegrasikan layanan perusahaan dengan web service untuk pembayaran e-wallet dan integrasi antar aplikasi.
42,Layanan PT Disty,Enterprise Application Integration,Integrasi Layanan Perusahaan Anda Dengan Web Service Untuk Pembayaran E-Wallet & Integrasi Antar Aplikasi,PT Disty bisa bantu integrasi sistem perusahaan saya gak?,Bisa! Layanan Enterprise Application Integration PT Disty mengintegrasikan layanan perusahaan dengan web service untuk pembayaran e-wallet dan integrasi antar aplikasi.
43,Layanan PT Disty,Enterprise Application Integration,Integrasi Layanan Perusahaan Anda Dengan Web Service Untuk Pembayaran E-Wallet & Integrasi Antar Aplikasi,Gimana layanan EAI dari PT Disty itu bekerja?,"Layanan Enterprise Application Integration PT Disty mengintegrasikan sistem perusahaan Anda dengan web service, termasuk pembayaran e-wallet dan integrasi antar aplikasi."
44,Layanan PT Disty,Enterprise Application Integration,Integrasi Layanan Perusahaan Anda Dengan Web Service Untuk Pembayaran E-Wallet & Integrasi Antar Aplikasi,Apakah PT Disty melayani integrasi pembayaran e-wallet untuk bisnis?,"Ya, layanan Enterprise Application Integration PT Disty mencakup integrasi web service untuk pembayaran e-wallet dan integrasi antar aplikasi perusahaan."
45,Layanan PT Disty,Enterprise Application Integration,Integrasi Layanan Perusahaan Anda Dengan Web Service Untuk Pembayaran E-Wallet & Integrasi Antar Aplikasi,Tolong jelaskan layanan integrasi aplikasi enterprise dari PT Disty!,PT Disty menawarkan Enterprise Application Integration yang mengintegrasikan layanan perusahaan dengan web service untuk pembayaran e-wallet dan integrasi antar aplikasi.
46,Layanan PT Disty,Enterprise Application Integration,Integrasi Layanan Perusahaan Anda Dengan Web Service Untuk Pembayaran E-Wallet & Integrasi Antar Aplikasi,"Bisnis saya punya banyak aplikasi yang perlu diintegrasikan, Disty bisa bantu?",Tentu! PT Disty punya layanan Enterprise Application Integration yang dapat mengintegrasikan layanan perusahaan dengan web service dan antar aplikasi.
47,Layanan PT Disty,Enterprise Application Integration,Integrasi Layanan Perusahaan Anda Dengan Web Service Untuk Pembayaran E-Wallet & Integrasi Antar Aplikasi,Apa keunggulan layanan Enterprise Application Integration dari Disty?,Keunggulannya adalah PT Disty mampu mengintegrasikan layanan perusahaan dengan web service untuk pembayaran e-wallet sekaligus integrasi antar aplikasi secara menyeluruh.
48,Layanan PT Disty,Enterprise Application Integration,Integrasi Layanan Perusahaan Anda Dengan Web Service Untuk Pembayaran E-Wallet & Integrasi Antar Aplikasi,Apakah PT Disty juga mendukung integrasi sistem ERP dengan aplikasi lain?,"Ya, layanan Enterprise Application Integration PT Disty mendukung integrasi antar aplikasi termasuk web service dan sistem pembayaran e-wallet."
49,Layanan PT Disty,Enterprise Application Integration,Integrasi Layanan Perusahaan Anda Dengan Web Service Untuk Pembayaran E-Wallet & Integrasi Antar Aplikasi,"Mau bikin sistem perusahaan lebih terhubung satu sama lain, Disty ada solusinya?","Ada! PT Disty menyediakan Enterprise Application Integration untuk mengintegrasikan layanan perusahaan dengan web service, e-wallet, dan antar aplikasi."
50,Layanan PT Disty,Enterprise Application Integration,Integrasi Layanan Perusahaan Anda Dengan Web Service Untuk Pembayaran E-Wallet & Integrasi Antar Aplikasi,PT Disty support integrasi API buat e-wallet gak?,Support! Layanan Enterprise Application Integration PT Disty mencakup integrasi web service untuk pembayaran e-wallet dan integrasi antar aplikasi.
51,Layanan PT Disty,Artificial Intelligence,"Sistem Informasi Cerdas Yang Mampu Melakukan Otomatisasi, Prediksi dan Rekomendasi Dengan Algoritma Digital",Apa itu layanan Artificial Intelligence pada PT Disty?,"Layanan Artificial Intelligence PT Disty adalah sistem informasi cerdas yang mampu melakukan otomatisasi, prediksi, dan rekomendasi dengan algoritma digital."
52,Layanan PT Disty,Artificial Intelligence,"Sistem Informasi Cerdas Yang Mampu Melakukan Otomatisasi, Prediksi dan Rekomendasi Dengan Algoritma Digital",Disty ada layanan AI gak untuk bisnis?,"Ada! PT Disty menyediakan layanan Artificial Intelligence berupa sistem informasi cerdas untuk otomatisasi, prediksi, dan rekomendasi dengan algoritma digital."
53,Layanan PT Disty,Artificial Intelligence,"Sistem Informasi Cerdas Yang Mampu Melakukan Otomatisasi, Prediksi dan Rekomendasi Dengan Algoritma Digital",Gimana sih layanan AI dari PT Disty itu?,"Layanan AI PT Disty berupa sistem informasi cerdas yang mampu melakukan otomatisasi, prediksi, dan rekomendasi berbasis algoritma digital."
54,Layanan PT Disty,Artificial Intelligence,"Sistem Informasi Cerdas Yang Mampu Melakukan Otomatisasi, Prediksi dan Rekomendasi Dengan Algoritma Digital",Apakah PT Disty bisa membantu bisnis saya menggunakan kecerdasan buatan?,"Tentu! PT Disty menyediakan layanan Artificial Intelligence berupa sistem informasi cerdas untuk otomatisasi, prediksi, dan rekomendasi dengan algoritma digital."
55,Layanan PT Disty,Artificial Intelligence,"Sistem Informasi Cerdas Yang Mampu Melakukan Otomatisasi, Prediksi dan Rekomendasi Dengan Algoritma Digital",Tolong jelaskan layanan kecerdasan buatan yang dimiliki PT Disty!,"PT Disty memiliki layanan Artificial Intelligence yakni sistem informasi cerdas yang dapat melakukan otomatisasi, prediksi, dan rekomendasi menggunakan algoritma digital."
56,Layanan PT Disty,Artificial Intelligence,"Sistem Informasi Cerdas Yang Mampu Melakukan Otomatisasi, Prediksi dan Rekomendasi Dengan Algoritma Digital",Apa fungsi layanan AI dari PT Disty untuk perusahaan?,"Layanan AI PT Disty berfungsi sebagai sistem informasi cerdas yang mampu mengotomatisasi proses, melakukan prediksi, dan memberikan rekomendasi melalui algoritma digital."
57,Layanan PT Disty,Artificial Intelligence,"Sistem Informasi Cerdas Yang Mampu Melakukan Otomatisasi, Prediksi dan Rekomendasi Dengan Algoritma Digital","Mau sistem perusahaan saya lebih cerdas, Disty bisa bantu implementasi AI gak?","Bisa! PT Disty menyediakan layanan Artificial Intelligence yang menghadirkan sistem informasi cerdas untuk otomatisasi, prediksi, dan rekomendasi berbasis algoritma digital."
58,Layanan PT Disty,Artificial Intelligence,"Sistem Informasi Cerdas Yang Mampu Melakukan Otomatisasi, Prediksi dan Rekomendasi Dengan Algoritma Digital",Apakah layanan AI Disty bisa dipakai untuk otomatisasi proses bisnis?,"Ya! Layanan Artificial Intelligence PT Disty dirancang untuk melakukan otomatisasi, prediksi, dan rekomendasi dengan algoritma digital."
59,Layanan PT Disty,Artificial Intelligence,"Sistem Informasi Cerdas Yang Mampu Melakukan Otomatisasi, Prediksi dan Rekomendasi Dengan Algoritma Digital",Layanan AI PT Disty itu berbasis algoritma apa?,"Layanan Artificial Intelligence PT Disty menggunakan algoritma digital untuk mendukung otomatisasi, prediksi, dan rekomendasi dalam sistem informasi yang cerdas."
60,Layanan PT Disty,Artificial Intelligence,"Sistem Informasi Cerdas Yang Mampu Melakukan Otomatisasi, Prediksi dan Rekomendasi Dengan Algoritma Digital",Keren gak sih layanan AI-nya Disty? Bisa dukung bisnis gimana?,"Keren banget! Layanan AI PT Disty adalah sistem informasi cerdas yang mampu melakukan otomatisasi, prediksi, dan rekomendasi dengan algoritma digital untuk mendukung keputusan bisnis."
61,Layanan PT Disty,Internet of Things,Layanan Akses Kendali Jarak Jauh Menggunakan Teknologi 4.0 yang Terintegrasi Dengan Aplikasi Perusahaan Anda,Apa itu layanan Internet of Things pada PT Disty?,Layanan IoT PT Disty menyediakan akses kendali jarak jauh menggunakan teknologi 4.0 yang terintegrasi dengan aplikasi perusahaan Anda.
62,Layanan PT Disty,Internet of Things,Layanan Akses Kendali Jarak Jauh Menggunakan Teknologi 4.0 yang Terintegrasi Dengan Aplikasi Perusahaan Anda,PT Disty ada layanan IoT gak?,Ada! Layanan Internet of Things PT Disty memberikan akses kendali jarak jauh menggunakan teknologi 4.0 yang terintegrasi dengan aplikasi perusahaan.
63,Layanan PT Disty,Internet of Things,Layanan Akses Kendali Jarak Jauh Menggunakan Teknologi 4.0 yang Terintegrasi Dengan Aplikasi Perusahaan Anda,Gimana layanan IoT dari PT Disty bisa membantu bisnis saya?,Layanan IoT PT Disty memungkinkan Anda melakukan kendali jarak jauh melalui teknologi 4.0 yang terintegrasi langsung dengan aplikasi perusahaan Anda.
64,Layanan PT Disty,Internet of Things,Layanan Akses Kendali Jarak Jauh Menggunakan Teknologi 4.0 yang Terintegrasi Dengan Aplikasi Perusahaan Anda,Apakah PT Disty mendukung implementasi IoT untuk industri?,"Ya, PT Disty menyediakan layanan Internet of Things dengan akses kendali jarak jauh menggunakan teknologi 4.0 yang terintegrasi dengan aplikasi perusahaan."
65,Layanan PT Disty,Internet of Things,Layanan Akses Kendali Jarak Jauh Menggunakan Teknologi 4.0 yang Terintegrasi Dengan Aplikasi Perusahaan Anda,Tolong jelaskan layanan Internet of Things dari PT Disty!,PT Disty menawarkan layanan IoT berupa akses kendali jarak jauh berbasis teknologi 4.0 yang terintegrasi dengan aplikasi perusahaan Anda.
66,Layanan PT Disty,Internet of Things,Layanan Akses Kendali Jarak Jauh Menggunakan Teknologi 4.0 yang Terintegrasi Dengan Aplikasi Perusahaan Anda,"Mau monitor dan kontrol perangkat dari jauh, Disty bisa bantu?",Bisa! Layanan IoT PT Disty menyediakan akses kendali jarak jauh menggunakan teknologi 4.0 yang terhubung dengan aplikasi perusahaan.
67,Layanan PT Disty,Internet of Things,Layanan Akses Kendali Jarak Jauh Menggunakan Teknologi 4.0 yang Terintegrasi Dengan Aplikasi Perusahaan Anda,Apa keunggulan layanan IoT yang ditawarkan PT Disty?,Keunggulan IoT PT Disty adalah kemampuan kendali jarak jauh berbasis teknologi 4.0 yang terintegrasi langsung dengan aplikasi perusahaan.
68,Layanan PT Disty,Internet of Things,Layanan Akses Kendali Jarak Jauh Menggunakan Teknologi 4.0 yang Terintegrasi Dengan Aplikasi Perusahaan Anda,Apakah layanan IoT Disty bisa diintegrasikan dengan sistem yang sudah ada?,"Ya, layanan IoT PT Disty dirancang untuk terintegrasi dengan aplikasi perusahaan Anda menggunakan teknologi 4.0 dan kendali jarak jauh."
69,Layanan PT Disty,Internet of Things,Layanan Akses Kendali Jarak Jauh Menggunakan Teknologi 4.0 yang Terintegrasi Dengan Aplikasi Perusahaan Anda,IoT dari Disty itu pakai teknologi generasi berapa?,Layanan IoT PT Disty menggunakan teknologi 4.0 dengan akses kendali jarak jauh yang terintegrasi dengan aplikasi perusahaan Anda.
70,Layanan PT Disty,Internet of Things,Layanan Akses Kendali Jarak Jauh Menggunakan Teknologi 4.0 yang Terintegrasi Dengan Aplikasi Perusahaan Anda,Apa bedanya layanan IoT Disty sama yang lain?,"Layanan IoT PT Disty menggunakan teknologi 4.0 dengan akses kendali jarak jauh yang terintegrasi langsung dengan aplikasi perusahaan Anda, menjadikannya solusi yang menyeluruh."
71,Layanan PT Disty,Training dan Sertifikasi IT,"Pelatihan dan Sertifikasi Untuk Meningkatkan Skiil Bidang IT (In-House Training, Private Training dan Online Training)",Apa itu layanan Training dan Sertifikasi IT pada PT Disty?,"Layanan Training dan Sertifikasi IT PT Disty adalah pelatihan dan sertifikasi untuk meningkatkan skill bidang IT melalui In-House Training, Private Training, dan Online Training."
72,Layanan PT Disty,Training dan Sertifikasi IT,"Pelatihan dan Sertifikasi Untuk Meningkatkan Skiil Bidang IT (In-House Training, Private Training dan Online Training)",Disty ada pelatihan IT gak untuk karyawan?,"Ada! PT Disty menyediakan Training dan Sertifikasi IT yang mencakup In-House Training, Private Training, dan Online Training untuk meningkatkan skill bidang IT."
73,Layanan PT Disty,Training dan Sertifikasi IT,"Pelatihan dan Sertifikasi Untuk Meningkatkan Skiil Bidang IT (In-House Training, Private Training dan Online Training)",Gimana format pelatihan IT yang ditawarkan PT Disty?,"PT Disty menawarkan Training dan Sertifikasi IT dalam format In-House Training, Private Training, dan Online Training sesuai kebutuhan."
74,Layanan PT Disty,Training dan Sertifikasi IT,"Pelatihan dan Sertifikasi Untuk Meningkatkan Skiil Bidang IT (In-House Training, Private Training dan Online Training)",Apakah PT Disty menyediakan program sertifikasi IT?,"Ya, PT Disty menyediakan layanan Training dan Sertifikasi IT untuk meningkatkan skill bidang IT melalui In-House, Private, dan Online Training."
75,Layanan PT Disty,Training dan Sertifikasi IT,"Pelatihan dan Sertifikasi Untuk Meningkatkan Skiil Bidang IT (In-House Training, Private Training dan Online Training)",Tolong jelaskan layanan pelatihan IT dari PT Disty!,"PT Disty memiliki layanan Training dan Sertifikasi IT yang dirancang untuk meningkatkan kompetensi bidang IT, tersedia dalam format In-House Training, Private Training, dan Online Training."
76,Layanan PT Disty,Training dan Sertifikasi IT,"Pelatihan dan Sertifikasi Untuk Meningkatkan Skiil Bidang IT (In-House Training, Private Training dan Online Training)","Mau upgrade skill IT tim saya, Disty punya programnya gak?","Punya! PT Disty menyediakan Training dan Sertifikasi IT dalam format In-House Training, Private Training, dan Online Training untuk meningkatkan skill bidang IT."
77,Layanan PT Disty,Training dan Sertifikasi IT,"Pelatihan dan Sertifikasi Untuk Meningkatkan Skiil Bidang IT (In-House Training, Private Training dan Online Training)",Apa saja metode pelatihan IT yang tersedia di PT Disty?,"Metode pelatihan IT di PT Disty meliputi In-House Training, Private Training, dan Online Training untuk meningkatkan skill bidang IT."
78,Layanan PT Disty,Training dan Sertifikasi IT,"Pelatihan dan Sertifikasi Untuk Meningkatkan Skiil Bidang IT (In-House Training, Private Training dan Online Training)",Apakah pelatihan IT di Disty tersedia secara online?,"Ya! PT Disty menyediakan Training dan Sertifikasi IT dalam format Online Training, selain juga In-House Training dan Private Training."
79,Layanan PT Disty,Training dan Sertifikasi IT,"Pelatihan dan Sertifikasi Untuk Meningkatkan Skiil Bidang IT (In-House Training, Private Training dan Online Training)","Karyawan saya butuh sertifikasi IT, bisa diakomodir oleh Disty?","Bisa! PT Disty menawarkan layanan Training dan Sertifikasi IT yang dirancang meningkatkan skill bidang IT, dengan format In-House, Private, maupun Online Training."
80,Layanan PT Disty,Training dan Sertifikasi IT,"Pelatihan dan Sertifikasi Untuk Meningkatkan Skiil Bidang IT (In-House Training, Private Training dan Online Training)",PT Disty bisa datang ke kantor kami untuk pelatihan IT in-house?,"Bisa! Salah satu format layanan Training dan Sertifikasi IT PT Disty adalah In-House Training, di mana pelatihan dilakukan langsung di lokasi Anda."
81,Pelatihan PT Disty,ToT KKNI Level 4,"Pelatihan untuk membekali trainer dengan kemampuan merancang, melaksanakan, dan mengevaluasi pelatihan berbasis kompetensi sesuai SKKNI",Apa itu pelatihan ToT KKNI Level 4 dari PT Disty?,"Pelatihan ToT KKNI Level 4 PT Disty adalah pelatihan untuk membekali trainer dengan kemampuan merancang, melaksanakan, dan mengevaluasi pelatihan berbasis kompetensi sesuai SKKNI."
82,Pelatihan PT Disty,ToT KKNI Level 4,"Pelatihan untuk membekali trainer dengan kemampuan merancang, melaksanakan, dan mengevaluasi pelatihan berbasis kompetensi sesuai SKKNI",PT Disty ada pelatihan buat jadi trainer KKNI Level 4 gak?,"Ada! PT Disty menyediakan ToT KKNI Level 4 untuk membekali trainer dengan kemampuan merancang, melaksanakan, dan mengevaluasi pelatihan berbasis kompetensi sesuai SKKNI."
83,Pelatihan PT Disty,ToT KKNI Level 4,"Pelatihan untuk membekali trainer dengan kemampuan merancang, melaksanakan, dan mengevaluasi pelatihan berbasis kompetensi sesuai SKKNI",Gimana pelatihan ToT KKNI Level 4 di PT Disty?,"Pelatihan ToT KKNI Level 4 PT Disty membekali trainer dengan kemampuan merancang, melaksanakan, dan mengevaluasi pelatihan berbasis kompetensi sesuai standar SKKNI."
84,Pelatihan PT Disty,ToT KKNI Level 4,"Pelatihan untuk membekali trainer dengan kemampuan merancang, melaksanakan, dan mengevaluasi pelatihan berbasis kompetensi sesuai SKKNI",Apakah ToT KKNI Level 4 dari PT Disty sesuai dengan standar nasional?,"Ya, pelatihan ToT KKNI Level 4 PT Disty dirancang sesuai SKKNI untuk membekali trainer dalam merancang, melaksanakan, dan mengevaluasi pelatihan berbasis kompetensi."
85,Pelatihan PT Disty,ToT KKNI Level 4,"Pelatihan untuk membekali trainer dengan kemampuan merancang, melaksanakan, dan mengevaluasi pelatihan berbasis kompetensi sesuai SKKNI",Tolong jelaskan manfaat mengikuti ToT KKNI Level 4 di PT Disty!,"Dengan mengikuti ToT KKNI Level 4 PT Disty, peserta akan memiliki kemampuan merancang, melaksanakan, dan mengevaluasi pelatihan berbasis kompetensi sesuai SKKNI."
86,Pelatihan PT Disty,ToT KKNI Level 4,"Pelatihan untuk membekali trainer dengan kemampuan merancang, melaksanakan, dan mengevaluasi pelatihan berbasis kompetensi sesuai SKKNI","Mau jadi trainer profesional, pelatihan apa yang cocok dari Disty?","Disty punya ToT KKNI Level 4, pelatihan yang membekali Anda dengan kemampuan merancang, melaksanakan, dan mengevaluasi pelatihan berbasis kompetensi sesuai SKKNI."
87,Pelatihan PT Disty,ToT KKNI Level 4,"Pelatihan untuk membekali trainer dengan kemampuan merancang, melaksanakan, dan mengevaluasi pelatihan berbasis kompetensi sesuai SKKNI",Apa saja kompetensi yang dikembangkan dalam ToT KKNI Level 4 PT Disty?,"Kompetensi yang dikembangkan meliputi merancang, melaksanakan, dan mengevaluasi pelatihan berbasis kompetensi sesuai standar SKKNI."
88,Pelatihan PT Disty,ToT KKNI Level 4,"Pelatihan untuk membekali trainer dengan kemampuan merancang, melaksanakan, dan mengevaluasi pelatihan berbasis kompetensi sesuai SKKNI",Apakah peserta ToT KKNI Level 4 Disty akan mendapat sertifikat resmi?,"Pelatihan ToT KKNI Level 4 PT Disty membekali trainer sesuai SKKNI, termasuk evaluasi kompetensi yang mendukung sertifikasi resmi."
89,Pelatihan PT Disty,ToT KKNI Level 4,"Pelatihan untuk membekali trainer dengan kemampuan merancang, melaksanakan, dan mengevaluasi pelatihan berbasis kompetensi sesuai SKKNI",ToT KKNI Level 4 di Disty cocok buat siapa aja?,"Pelatihan ini cocok untuk trainer yang ingin memiliki kemampuan merancang, melaksanakan, dan mengevaluasi pelatihan berbasis kompetensi sesuai SKKNI."
90,Pelatihan PT Disty,ToT KKNI Level 4,"Pelatihan untuk membekali trainer dengan kemampuan merancang, melaksanakan, dan mengevaluasi pelatihan berbasis kompetensi sesuai SKKNI",Apa bedanya ToT KKNI Level 4 dengan Level 3 di PT Disty?,"ToT KKNI Level 4 PT Disty membekali trainer untuk merancang, melaksanakan, dan mengevaluasi pelatihan berbasis kompetensi sesuai SKKNI, sementara Level 3 lebih fokus pada mempersiapkan instruktur untuk memberikan pelatihan berkualitas sesuai standar kompetensi kerja nasional."
91,Pelatihan PT Disty,ToT KKNI Level 3,Pelatihan untuk mempersiapkan instruktur agar mampu memberikan pelatihan berkualitas sesuai standar kompetensi kerja nasional,Apa itu pelatihan ToT KKNI Level 3 dari PT Disty?,Pelatihan ToT KKNI Level 3 PT Disty adalah pelatihan untuk mempersiapkan instruktur agar mampu memberikan pelatihan berkualitas sesuai standar kompetensi kerja nasional.
92,Pelatihan PT Disty,ToT KKNI Level 3,Pelatihan untuk mempersiapkan instruktur agar mampu memberikan pelatihan berkualitas sesuai standar kompetensi kerja nasional,PT Disty ada pelatihan untuk instruktur KKNI Level 3 gak?,Ada! PT Disty menyediakan ToT KKNI Level 3 untuk mempersiapkan instruktur agar mampu memberikan pelatihan berkualitas sesuai standar kompetensi kerja nasional.
93,Pelatihan PT Disty,ToT KKNI Level 3,Pelatihan untuk mempersiapkan instruktur agar mampu memberikan pelatihan berkualitas sesuai standar kompetensi kerja nasional,Gimana pelatihan ToT KKNI Level 3 yang ditawarkan PT Disty?,Pelatihan ToT KKNI Level 3 PT Disty dirancang untuk mempersiapkan instruktur agar mampu memberikan pelatihan berkualitas sesuai standar kompetensi kerja nasional.
94,Pelatihan PT Disty,ToT KKNI Level 3,Pelatihan untuk mempersiapkan instruktur agar mampu memberikan pelatihan berkualitas sesuai standar kompetensi kerja nasional,Apakah ToT KKNI Level 3 Disty membantu saya menjadi instruktur profesional?,Ya! ToT KKNI Level 3 PT Disty mempersiapkan instruktur agar mampu memberikan pelatihan berkualitas sesuai standar kompetensi kerja nasional.
95,Pelatihan PT Disty,ToT KKNI Level 3,Pelatihan untuk mempersiapkan instruktur agar mampu memberikan pelatihan berkualitas sesuai standar kompetensi kerja nasional,Tolong jelaskan tujuan pelatihan ToT KKNI Level 3 di PT Disty!,Tujuan pelatihan ToT KKNI Level 3 PT Disty adalah mempersiapkan instruktur agar mampu memberikan pelatihan yang berkualitas sesuai standar kompetensi kerja nasional.
96,Pelatihan PT Disty,ToT KKNI Level 3,Pelatihan untuk mempersiapkan instruktur agar mampu memberikan pelatihan berkualitas sesuai standar kompetensi kerja nasional,"Saya mau jadi instruktur pelatihan, ada programnya di Disty?",Ada! PT Disty punya ToT KKNI Level 3 yang mempersiapkan instruktur agar mampu memberikan pelatihan berkualitas sesuai standar kompetensi kerja nasional.
97,Pelatihan PT Disty,ToT KKNI Level 3,Pelatihan untuk mempersiapkan instruktur agar mampu memberikan pelatihan berkualitas sesuai standar kompetensi kerja nasional,Apa manfaat mengikuti ToT KKNI Level 3 di PT Disty?,Manfaatnya adalah peserta akan dipersiapkan menjadi instruktur yang mampu memberikan pelatihan berkualitas sesuai standar kompetensi kerja nasional.
98,Pelatihan PT Disty,ToT KKNI Level 3,Pelatihan untuk mempersiapkan instruktur agar mampu memberikan pelatihan berkualitas sesuai standar kompetensi kerja nasional,Apakah ToT KKNI Level 3 dari Disty sesuai dengan standar pemerintah?,"Ya, pelatihan ToT KKNI Level 3 PT Disty dirancang sesuai standar kompetensi kerja nasional, sehingga relevan dengan regulasi pemerintah."
99,Pelatihan PT Disty,ToT KKNI Level 3,Pelatihan untuk mempersiapkan instruktur agar mampu memberikan pelatihan berkualitas sesuai standar kompetensi kerja nasional,Siapa yang cocok ikut ToT KKNI Level 3 di PT Disty?,Pelatihan ini cocok untuk siapa saja yang ingin menjadi instruktur dan mampu memberikan pelatihan berkualitas sesuai standar kompetensi kerja nasional.
100,Pelatihan PT Disty,ToT KKNI Level 3,Pelatihan untuk mempersiapkan instruktur agar mampu memberikan pelatihan berkualitas sesuai standar kompetensi kerja nasional,ToT KKNI Level 3 Disty itu fokus ngajarin apa aja?,ToT KKNI Level 3 PT Disty fokus mempersiapkan instruktur agar mampu memberikan pelatihan yang berkualitas sesuai standar kompetensi kerja nasional.
101,Pelatihan PT Disty,Digital Marketing,"Pelatihan pemasaran digital yang membahas strategi media sosial, SEO, SEM, e-commerce, dan analisis data pemasaran",Apa itu pelatihan Digital Marketing dari PT Disty?,"Pelatihan Digital Marketing PT Disty membahas strategi media sosial, SEO, SEM, e-commerce, dan analisis data pemasaran."
102,Pelatihan PT Disty,Digital Marketing,"Pelatihan pemasaran digital yang membahas strategi media sosial, SEO, SEM, e-commerce, dan analisis data pemasaran",Disty ada kelas digital marketing gak?,"Ada! PT Disty menyediakan pelatihan Digital Marketing yang mencakup strategi media sosial, SEO, SEM, e-commerce, dan analisis data pemasaran."
103,Pelatihan PT Disty,Digital Marketing,"Pelatihan pemasaran digital yang membahas strategi media sosial, SEO, SEM, e-commerce, dan analisis data pemasaran",Gimana isi pelatihan digital marketing di PT Disty?,"Pelatihan Digital Marketing PT Disty mencakup materi strategi media sosial, SEO, SEM, e-commerce, dan analisis data pemasaran."
104,Pelatihan PT Disty,Digital Marketing,"Pelatihan pemasaran digital yang membahas strategi media sosial, SEO, SEM, e-commerce, dan analisis data pemasaran",Apakah pelatihan Digital Marketing Disty mencakup materi SEO?,"Ya! Pelatihan Digital Marketing PT Disty mencakup SEO, strategi media sosial, SEM, e-commerce, dan analisis data pemasaran."
105,Pelatihan PT Disty,Digital Marketing,"Pelatihan pemasaran digital yang membahas strategi media sosial, SEO, SEM, e-commerce, dan analisis data pemasaran",Tolong jelaskan materi apa saja yang diajarkan dalam pelatihan Digital Marketing PT Disty!,"Pelatihan Digital Marketing PT Disty meliputi strategi media sosial, SEO, SEM, e-commerce, dan analisis data pemasaran secara menyeluruh."
106,Pelatihan PT Disty,Digital Marketing,"Pelatihan pemasaran digital yang membahas strategi media sosial, SEO, SEM, e-commerce, dan analisis data pemasaran","Mau belajar digital marketing dari nol, Disty cocok gak?","Cocok banget! Pelatihan Digital Marketing PT Disty membahas strategi media sosial, SEO, SEM, e-commerce, dan analisis data pemasaran yang komprehensif."
107,Pelatihan PT Disty,Digital Marketing,"Pelatihan pemasaran digital yang membahas strategi media sosial, SEO, SEM, e-commerce, dan analisis data pemasaran",Apa keunggulan pelatihan digital marketing di PT Disty?,"Pelatihan Digital Marketing PT Disty komprehensif mencakup strategi media sosial, SEO, SEM, e-commerce, dan analisis data pemasaran dalam satu program."
108,Pelatihan PT Disty,Digital Marketing,"Pelatihan pemasaran digital yang membahas strategi media sosial, SEO, SEM, e-commerce, dan analisis data pemasaran",Apakah pelatihan digital marketing Disty juga membahas e-commerce?,"Ya! Pelatihan Digital Marketing PT Disty membahas e-commerce bersama strategi media sosial, SEO, SEM, dan analisis data pemasaran."
109,Pelatihan PT Disty,Digital Marketing,"Pelatihan pemasaran digital yang membahas strategi media sosial, SEO, SEM, e-commerce, dan analisis data pemasaran",Pelatihan digital marketing Disty itu bahas analitik data gak?,"Bahas! Pelatihan Digital Marketing PT Disty mencakup analisis data pemasaran selain strategi media sosial, SEO, SEM, dan e-commerce."
110,Pelatihan PT Disty,Digital Marketing,"Pelatihan pemasaran digital yang membahas strategi media sosial, SEO, SEM, e-commerce, dan analisis data pemasaran",Cocok gak pelatihan digital marketing Disty buat pemilik UMKM?,"Sangat cocok! Pelatihan Digital Marketing PT Disty membekali peserta dengan strategi media sosial, SEO, SEM, e-commerce, dan analisis data yang relevan untuk semua skala bisnis."
111,Pelatihan PT Disty,Desain Grafis,"Pelatihan untuk mempelajari dasar desain visual, tipografi, warna, ilustrasi, serta penggunaan software desain seperti Photoshop, CorelDraw, dan Canva",Apa itu pelatihan Desain Grafis dari PT Disty?,"Pelatihan Desain Grafis PT Disty mengajarkan dasar desain visual, tipografi, warna, ilustrasi, serta penggunaan software seperti Photoshop, CorelDraw, dan Canva."
112,Pelatihan PT Disty,Desain Grafis,"Pelatihan untuk mempelajari dasar desain visual, tipografi, warna, ilustrasi, serta penggunaan software desain seperti Photoshop, CorelDraw, dan Canva",Disty ada pelatihan buat belajar desain grafis gak?,"Ada! PT Disty menyediakan pelatihan Desain Grafis yang meliputi dasar desain visual, tipografi, warna, ilustrasi, serta penggunaan Photoshop, CorelDraw, dan Canva."
113,Pelatihan PT Disty,Desain Grafis,"Pelatihan untuk mempelajari dasar desain visual, tipografi, warna, ilustrasi, serta penggunaan software desain seperti Photoshop, CorelDraw, dan Canva",Gimana kurikulum pelatihan desain grafis di PT Disty?,"Pelatihan Desain Grafis PT Disty mencakup dasar desain visual, tipografi, warna, ilustrasi, serta penggunaan software desain Photoshop, CorelDraw, dan Canva."
114,Pelatihan PT Disty,Desain Grafis,"Pelatihan untuk mempelajari dasar desain visual, tipografi, warna, ilustrasi, serta penggunaan software desain seperti Photoshop, CorelDraw, dan Canva",Apakah pelatihan desain grafis Disty mengajarkan Photoshop dan CorelDraw?,"Ya! Pelatihan Desain Grafis PT Disty mencakup penggunaan Photoshop, CorelDraw, dan Canva, serta dasar desain visual, tipografi, warna, dan ilustrasi."
115,Pelatihan PT Disty,Desain Grafis,"Pelatihan untuk mempelajari dasar desain visual, tipografi, warna, ilustrasi, serta penggunaan software desain seperti Photoshop, CorelDraw, dan Canva",Tolong jelaskan materi pelatihan Desain Grafis di PT Disty!,"PT Disty menawarkan pelatihan Desain Grafis yang mencakup dasar desain visual, tipografi, warna, ilustrasi, dan penggunaan software Photoshop, CorelDraw, serta Canva."
116,Pelatihan PT Disty,Desain Grafis,"Pelatihan untuk mempelajari dasar desain visual, tipografi, warna, ilustrasi, serta penggunaan software desain seperti Photoshop, CorelDraw, dan Canva","Mau belajar desain dari nol, pelatihan Disty cocok gak?","Cocok! Pelatihan Desain Grafis PT Disty dirancang mulai dari dasar desain visual, tipografi, warna, ilustrasi, hingga penggunaan Photoshop, CorelDraw, dan Canva."
117,Pelatihan PT Disty,Desain Grafis,"Pelatihan untuk mempelajari dasar desain visual, tipografi, warna, ilustrasi, serta penggunaan software desain seperti Photoshop, CorelDraw, dan Canva",Apa software desain yang diajarkan dalam pelatihan grafis PT Disty?,"Software yang diajarkan dalam pelatihan Desain Grafis PT Disty adalah Photoshop, CorelDraw, dan Canva, beserta dasar desain visual dan tipografi."
118,Pelatihan PT Disty,Desain Grafis,"Pelatihan untuk mempelajari dasar desain visual, tipografi, warna, ilustrasi, serta penggunaan software desain seperti Photoshop, CorelDraw, dan Canva",Apakah pelatihan Desain Grafis Disty juga mengajarkan penggunaan Canva?,"Ya! Selain Photoshop dan CorelDraw, pelatihan Desain Grafis PT Disty juga mencakup penggunaan Canva dan dasar-dasar desain visual."
119,Pelatihan PT Disty,Desain Grafis,"Pelatihan untuk mempelajari dasar desain visual, tipografi, warna, ilustrasi, serta penggunaan software desain seperti Photoshop, CorelDraw, dan Canva","Kalo mau jadi desainer profesional, Disty ada pelatihannya gak?","Ada! Pelatihan Desain Grafis PT Disty mengajarkan dasar desain visual, tipografi, warna, ilustrasi, dan penggunaan Photoshop, CorelDraw, dan Canva."
120,Pelatihan PT Disty,Desain Grafis,"Pelatihan untuk mempelajari dasar desain visual, tipografi, warna, ilustrasi, serta penggunaan software desain seperti Photoshop, CorelDraw, dan Canva",Pelatihan desain grafis Disty itu bahas tipografi gak?,"Bahas! Pelatihan Desain Grafis PT Disty mencakup tipografi bersama dasar desain visual, warna, ilustrasi, dan penggunaan software desain profesional."
121,Pelatihan PT Disty,Operator Komputer,"Pelatihan dasar penggunaan komputer, sistem operasi, aplikasi perkantoran, internet, serta perangkat input seperti keyboard dan mouse",Apa itu pelatihan Operator Komputer dari PT Disty?,"Pelatihan Operator Komputer PT Disty mencakup dasar penggunaan komputer, sistem operasi, aplikasi perkantoran, internet, serta perangkat input seperti keyboard dan mouse."
122,Pelatihan PT Disty,Operator Komputer,"Pelatihan dasar penggunaan komputer, sistem operasi, aplikasi perkantoran, internet, serta perangkat input seperti keyboard dan mouse",Disty ada pelatihan dasar komputer gak?,"Ada! PT Disty menyediakan pelatihan Operator Komputer yang mencakup dasar penggunaan komputer, sistem operasi, aplikasi perkantoran, internet, keyboard, dan mouse."
123,Pelatihan PT Disty,Operator Komputer,"Pelatihan dasar penggunaan komputer, sistem operasi, aplikasi perkantoran, internet, serta perangkat input seperti keyboard dan mouse",Gimana isi pelatihan operator komputer di PT Disty?,"Pelatihan Operator Komputer PT Disty mencakup penggunaan komputer dasar, sistem operasi, aplikasi perkantoran, internet, serta perangkat input keyboard dan mouse."
124,Pelatihan PT Disty,Operator Komputer,"Pelatihan dasar penggunaan komputer, sistem operasi, aplikasi perkantoran, internet, serta perangkat input seperti keyboard dan mouse",Apakah pelatihan Operator Komputer Disty cocok untuk pemula?,"Ya, sangat cocok! Pelatihan Operator Komputer PT Disty dimulai dari dasar penggunaan komputer, sistem operasi, aplikasi perkantoran, dan internet."
125,Pelatihan PT Disty,Operator Komputer,"Pelatihan dasar penggunaan komputer, sistem operasi, aplikasi perkantoran, internet, serta perangkat input seperti keyboard dan mouse",Tolong jelaskan materi pelatihan Operator Komputer di PT Disty!,"Pelatihan Operator Komputer PT Disty meliputi dasar penggunaan komputer, sistem operasi, aplikasi perkantoran, penggunaan internet, serta perangkat input keyboard dan mouse."
126,Pelatihan PT Disty,Operator Komputer,"Pelatihan dasar penggunaan komputer, sistem operasi, aplikasi perkantoran, internet, serta perangkat input seperti keyboard dan mouse","Karyawan saya belum bisa komputer, ada pelatihan basicnya di Disty?","Ada! PT Disty punya pelatihan Operator Komputer yang mencakup dasar penggunaan komputer, sistem operasi, aplikasi perkantoran, dan internet untuk pemula."
127,Pelatihan PT Disty,Operator Komputer,"Pelatihan dasar penggunaan komputer, sistem operasi, aplikasi perkantoran, internet, serta perangkat input seperti keyboard dan mouse",Apa saja yang diajarkan dalam pelatihan Operator Komputer PT Disty?,"Materi pelatihan Operator Komputer PT Disty meliputi dasar penggunaan komputer, sistem operasi, aplikasi perkantoran, internet, keyboard, dan mouse."
128,Pelatihan PT Disty,Operator Komputer,"Pelatihan dasar penggunaan komputer, sistem operasi, aplikasi perkantoran, internet, serta perangkat input seperti keyboard dan mouse",Apakah pelatihan operator komputer Disty juga mengajarkan aplikasi perkantoran?,"Ya! Pelatihan Operator Komputer PT Disty mencakup aplikasi perkantoran selain dasar komputer, sistem operasi, internet, dan perangkat input."
129,Pelatihan PT Disty,Operator Komputer,"Pelatihan dasar penggunaan komputer, sistem operasi, aplikasi perkantoran, internet, serta perangkat input seperti keyboard dan mouse",Pelatihan komputer Disty itu bahas internet gak?,"Bahas! Pelatihan Operator Komputer PT Disty mencakup internet bersama dasar komputer, sistem operasi, aplikasi perkantoran, keyboard, dan mouse."
130,Pelatihan PT Disty,Operator Komputer,"Pelatihan dasar penggunaan komputer, sistem operasi, aplikasi perkantoran, internet, serta perangkat input seperti keyboard dan mouse",Cocok gak pelatihan operator komputer Disty buat staf baru yang belum pernah pakai komputer?,"Sangat cocok! Pelatihan Operator Komputer PT Disty dirancang mulai dari dasar, mencakup komputer, sistem operasi, aplikasi perkantoran, internet, dan perangkat input."
131,Pelatihan PT Disty,Soft Skills,"Pelatihan untuk meningkatkan kemampuan komunikasi, kepemimpinan, kerja tim, manajemen waktu, adaptasi, dan penyelesaian masalah",Apa itu pelatihan Soft Skills dari PT Disty?,"Pelatihan Soft Skills PT Disty dirancang untuk meningkatkan kemampuan komunikasi, kepemimpinan, kerja tim, manajemen waktu, adaptasi, dan penyelesaian masalah."
132,Pelatihan PT Disty,Soft Skills,"Pelatihan untuk meningkatkan kemampuan komunikasi, kepemimpinan, kerja tim, manajemen waktu, adaptasi, dan penyelesaian masalah",PT Disty ada pelatihan soft skills gak?,"Ada! PT Disty menyediakan pelatihan Soft Skills untuk meningkatkan kemampuan komunikasi, kepemimpinan, kerja tim, manajemen waktu, adaptasi, dan penyelesaian masalah."
133,Pelatihan PT Disty,Soft Skills,"Pelatihan untuk meningkatkan kemampuan komunikasi, kepemimpinan, kerja tim, manajemen waktu, adaptasi, dan penyelesaian masalah",Gimana pelatihan soft skills di PT Disty?,"Pelatihan Soft Skills PT Disty mencakup peningkatan kemampuan komunikasi, kepemimpinan, kerja tim, manajemen waktu, adaptasi, dan penyelesaian masalah."
134,Pelatihan PT Disty,Soft Skills,"Pelatihan untuk meningkatkan kemampuan komunikasi, kepemimpinan, kerja tim, manajemen waktu, adaptasi, dan penyelesaian masalah",Apakah pelatihan Soft Skills Disty mencakup materi kepemimpinan?,"Ya! Pelatihan Soft Skills PT Disty mencakup kepemimpinan bersama komunikasi, kerja tim, manajemen waktu, adaptasi, dan penyelesaian masalah."
135,Pelatihan PT Disty,Soft Skills,"Pelatihan untuk meningkatkan kemampuan komunikasi, kepemimpinan, kerja tim, manajemen waktu, adaptasi, dan penyelesaian masalah",Tolong jelaskan apa saja yang diajarkan dalam pelatihan Soft Skills PT Disty!,"Pelatihan Soft Skills PT Disty mengajarkan komunikasi, kepemimpinan, kerja tim, manajemen waktu, adaptasi, dan penyelesaian masalah secara menyeluruh."
136,Pelatihan PT Disty,Soft Skills,"Pelatihan untuk meningkatkan kemampuan komunikasi, kepemimpinan, kerja tim, manajemen waktu, adaptasi, dan penyelesaian masalah","Mau tim saya lebih solid dan komunikatif, ada pelatihan yang cocok di Disty?","Ada! Pelatihan Soft Skills PT Disty tepat untuk meningkatkan komunikasi, kerja tim, kepemimpinan, manajemen waktu, adaptasi, dan penyelesaian masalah."
137,Pelatihan PT Disty,Soft Skills,"Pelatihan untuk meningkatkan kemampuan komunikasi, kepemimpinan, kerja tim, manajemen waktu, adaptasi, dan penyelesaian masalah",Apa manfaat mengikuti pelatihan Soft Skills di PT Disty?,"Manfaatnya peserta akan meningkatkan kemampuan komunikasi, kepemimpinan, kerja tim, manajemen waktu, adaptasi, dan penyelesaian masalah."
138,Pelatihan PT Disty,Soft Skills,"Pelatihan untuk meningkatkan kemampuan komunikasi, kepemimpinan, kerja tim, manajemen waktu, adaptasi, dan penyelesaian masalah",Apakah pelatihan soft skills Disty juga membahas manajemen waktu?,"Ya! Pelatihan Soft Skills PT Disty mencakup manajemen waktu selain komunikasi, kepemimpinan, kerja tim, adaptasi, dan penyelesaian masalah."
139,Pelatihan PT Disty,Soft Skills,"Pelatihan untuk meningkatkan kemampuan komunikasi, kepemimpinan, kerja tim, manajemen waktu, adaptasi, dan penyelesaian masalah",Pelatihan soft skills Disty itu bahas problem solving gak?,"Bahas! Pelatihan Soft Skills PT Disty mencakup penyelesaian masalah (problem solving) bersama komunikasi, kepemimpinan, kerja tim, manajemen waktu, dan adaptasi."
140,Pelatihan PT Disty,Soft Skills,"Pelatihan untuk meningkatkan kemampuan komunikasi, kepemimpinan, kerja tim, manajemen waktu, adaptasi, dan penyelesaian masalah",Cocok gak pelatihan soft skills Disty buat fresh graduate?,"Sangat cocok! Pelatihan Soft Skills PT Disty membantu meningkatkan komunikasi, kepemimpinan, kerja tim, manajemen waktu, adaptasi, dan penyelesaian masalah yang dibutuhkan di dunia kerja."
141,Pelatihan PT Disty,Service Excellent,Pelatihan untuk meningkatkan kualitas pelayanan pelanggan melalui komunikasi efektif dan pemahaman kebutuhan pelanggan,Apa itu pelatihan Service Excellent dari PT Disty?,Pelatihan Service Excellent PT Disty dirancang untuk meningkatkan kualitas pelayanan pelanggan melalui komunikasi efektif dan pemahaman kebutuhan pelanggan.
142,Pelatihan PT Disty,Service Excellent,Pelatihan untuk meningkatkan kualitas pelayanan pelanggan melalui komunikasi efektif dan pemahaman kebutuhan pelanggan,PT Disty ada pelatihan buat meningkatkan layanan pelanggan?,Ada! PT Disty menyediakan pelatihan Service Excellent untuk meningkatkan kualitas pelayanan pelanggan melalui komunikasi efektif dan pemahaman kebutuhan pelanggan.
143,Pelatihan PT Disty,Service Excellent,Pelatihan untuk meningkatkan kualitas pelayanan pelanggan melalui komunikasi efektif dan pemahaman kebutuhan pelanggan,Gimana pelatihan service excellent di PT Disty?,Pelatihan Service Excellent PT Disty berfokus pada peningkatan kualitas pelayanan pelanggan melalui komunikasi efektif dan pemahaman kebutuhan pelanggan.
144,Pelatihan PT Disty,Service Excellent,Pelatihan untuk meningkatkan kualitas pelayanan pelanggan melalui komunikasi efektif dan pemahaman kebutuhan pelanggan,Apakah pelatihan Service Excellent Disty cocok untuk staf customer service?,Sangat cocok! Pelatihan Service Excellent PT Disty dirancang untuk meningkatkan kualitas pelayanan pelanggan melalui komunikasi efektif dan pemahaman kebutuhan pelanggan.
145,Pelatihan PT Disty,Service Excellent,Pelatihan untuk meningkatkan kualitas pelayanan pelanggan melalui komunikasi efektif dan pemahaman kebutuhan pelanggan,Tolong jelaskan manfaat pelatihan Service Excellent di PT Disty!,Manfaat pelatihan Service Excellent PT Disty adalah peningkatan kualitas pelayanan pelanggan melalui komunikasi efektif dan kemampuan memahami kebutuhan pelanggan.
146,Pelatihan PT Disty,Service Excellent,Pelatihan untuk meningkatkan kualitas pelayanan pelanggan melalui komunikasi efektif dan pemahaman kebutuhan pelanggan,"Mau staf saya lebih jago melayani pelanggan, Disty punya pelatihannya?",Punya! PT Disty menyediakan pelatihan Service Excellent yang meningkatkan kualitas pelayanan pelanggan melalui komunikasi efektif dan pemahaman kebutuhan mereka.
147,Pelatihan PT Disty,Service Excellent,Pelatihan untuk meningkatkan kualitas pelayanan pelanggan melalui komunikasi efektif dan pemahaman kebutuhan pelanggan,Apa yang dipelajari dalam pelatihan Service Excellent PT Disty?,"Dalam pelatihan Service Excellent PT Disty, peserta mempelajari cara meningkatkan kualitas pelayanan pelanggan melalui komunikasi efektif dan pemahaman kebutuhan pelanggan."
148,Pelatihan PT Disty,Service Excellent,Pelatihan untuk meningkatkan kualitas pelayanan pelanggan melalui komunikasi efektif dan pemahaman kebutuhan pelanggan,Apakah pelatihan service excellent Disty mengajarkan teknik komunikasi?,Ya! Pelatihan Service Excellent PT Disty mencakup komunikasi efektif sebagai salah satu komponen utama dalam meningkatkan kualitas pelayanan pelanggan.
149,Pelatihan PT Disty,Service Excellent,Pelatihan untuk meningkatkan kualitas pelayanan pelanggan melalui komunikasi efektif dan pemahaman kebutuhan pelanggan,Pelatihan service excellent Disty itu bahas cara memahami kebutuhan pelanggan gak?,Bahas! Pelatihan Service Excellent PT Disty secara khusus mencakup pemahaman kebutuhan pelanggan untuk meningkatkan kualitas pelayanan.
150,Pelatihan PT Disty,Service Excellent,Pelatihan untuk meningkatkan kualitas pelayanan pelanggan melalui komunikasi efektif dan pemahaman kebutuhan pelanggan,"Bisnis saya sering dapat komplain, kira-kira pelatihan mana dari Disty yang cocok?",Pelatihan Service Excellent PT Disty sangat tepat! Pelatihan ini meningkatkan kualitas pelayanan pelanggan melalui komunikasi efektif dan pemahaman kebutuhan pelanggan.
151,Pelatihan PT Disty,Public Speaking,"Pelatihan untuk meningkatkan kepercayaan diri, teknik presentasi, bahasa tubuh, penyampaian pesan, dan kemampuan berbicara di depan umum",Apa itu pelatihan Public Speaking dari PT Disty?,"Pelatihan Public Speaking PT Disty dirancang untuk meningkatkan kepercayaan diri, teknik presentasi, bahasa tubuh, penyampaian pesan, dan kemampuan berbicara di depan umum."
152,Pelatihan PT Disty,Public Speaking,"Pelatihan untuk meningkatkan kepercayaan diri, teknik presentasi, bahasa tubuh, penyampaian pesan, dan kemampuan berbicara di depan umum",PT Disty ada pelatihan public speaking gak?,"Ada! PT Disty menyediakan pelatihan Public Speaking untuk meningkatkan kepercayaan diri, teknik presentasi, bahasa tubuh, dan kemampuan berbicara di depan umum."
153,Pelatihan PT Disty,Public Speaking,"Pelatihan untuk meningkatkan kepercayaan diri, teknik presentasi, bahasa tubuh, penyampaian pesan, dan kemampuan berbicara di depan umum",Gimana pelatihan public speaking di PT Disty?,"Pelatihan Public Speaking PT Disty mencakup peningkatan kepercayaan diri, teknik presentasi, bahasa tubuh, penyampaian pesan, dan kemampuan berbicara di depan umum."
154,Pelatihan PT Disty,Public Speaking,"Pelatihan untuk meningkatkan kepercayaan diri, teknik presentasi, bahasa tubuh, penyampaian pesan, dan kemampuan berbicara di depan umum",Apakah pelatihan Public Speaking Disty membantu saya percaya diri saat presentasi?,"Ya! Pelatihan Public Speaking PT Disty dirancang untuk meningkatkan kepercayaan diri, teknik presentasi, bahasa tubuh, dan kemampuan berbicara di depan umum."
155,Pelatihan PT Disty,Public Speaking,"Pelatihan untuk meningkatkan kepercayaan diri, teknik presentasi, bahasa tubuh, penyampaian pesan, dan kemampuan berbicara di depan umum",Tolong jelaskan apa saja yang diajarkan dalam pelatihan Public Speaking PT Disty!,"Pelatihan Public Speaking PT Disty mengajarkan kepercayaan diri, teknik presentasi, bahasa tubuh, penyampaian pesan, dan kemampuan berbicara di depan umum secara komprehensif."
156,Pelatihan PT Disty,Public Speaking,"Pelatihan untuk meningkatkan kepercayaan diri, teknik presentasi, bahasa tubuh, penyampaian pesan, dan kemampuan berbicara di depan umum","Saya grogi kalo disuruh ngomong di depan orang, Disty ada pelatihannya gak?","Ada! Pelatihan Public Speaking PT Disty khusus dirancang untuk meningkatkan kepercayaan diri, teknik presentasi, bahasa tubuh, dan kemampuan berbicara di depan umum."
157,Pelatihan PT Disty,Public Speaking,"Pelatihan untuk meningkatkan kepercayaan diri, teknik presentasi, bahasa tubuh, penyampaian pesan, dan kemampuan berbicara di depan umum",Apa manfaat mengikuti pelatihan Public Speaking di PT Disty?,"Manfaatnya peserta akan meningkatkan kepercayaan diri, teknik presentasi, bahasa tubuh, penyampaian pesan, dan kemampuan berbicara di depan umum."
158,Pelatihan PT Disty,Public Speaking,"Pelatihan untuk meningkatkan kepercayaan diri, teknik presentasi, bahasa tubuh, penyampaian pesan, dan kemampuan berbicara di depan umum",Apakah pelatihan public speaking Disty juga mengajarkan bahasa tubuh?,"Ya! Pelatihan Public Speaking PT Disty mencakup bahasa tubuh bersama kepercayaan diri, teknik presentasi, penyampaian pesan, dan kemampuan berbicara di depan umum."
159,Pelatihan PT Disty,Public Speaking,"Pelatihan untuk meningkatkan kepercayaan diri, teknik presentasi, bahasa tubuh, penyampaian pesan, dan kemampuan berbicara di depan umum",Pelatihan public speaking Disty itu cocok buat profesional yang sering presentasi gak?,"Sangat cocok! Pelatihan Public Speaking PT Disty meningkatkan teknik presentasi, kepercayaan diri, bahasa tubuh, dan penyampaian pesan untuk semua kalangan profesional."
160,Pelatihan PT Disty,Public Speaking,"Pelatihan untuk meningkatkan kepercayaan diri, teknik presentasi, bahasa tubuh, penyampaian pesan, dan kemampuan berbicara di depan umum","Buat yang mau jadi MC atau pembicara, ada pelatihannya di Disty?","Ada! Pelatihan Public Speaking PT Disty membekali peserta dengan kepercayaan diri, teknik presentasi, bahasa tubuh, penyampaian pesan, dan kemampuan berbicara di depan umum."
161,Pelatihan PT Disty,Kepala Administrasi Proyek,"Pelatihan untuk mempersiapkan peserta dalam mengelola administrasi, operasional, perencanaan, dan pengendalian proyek.",Apa itu pelatihan Kepala Administrasi Proyek dari PT Disty?,"Pelatihan Kepala Administrasi Proyek PT Disty dirancang untuk mempersiapkan peserta dalam mengelola administrasi, operasional, perencanaan, dan pengendalian proyek."
162,Pelatihan PT Disty,Kepala Administrasi Proyek,"Pelatihan untuk mempersiapkan peserta dalam mengelola administrasi, operasional, perencanaan, dan pengendalian proyek.",PT Disty ada pelatihan untuk kepala administrasi proyek?,"Ada! PT Disty menyediakan pelatihan Kepala Administrasi Proyek yang mempersiapkan peserta dalam mengelola administrasi, operasional, perencanaan, dan pengendalian proyek."
163,Pelatihan PT Disty,Kepala Administrasi Proyek,"Pelatihan untuk mempersiapkan peserta dalam mengelola administrasi, operasional, perencanaan, dan pengendalian proyek.",Gimana pelatihan Kepala Administrasi Proyek di PT Disty?,"Pelatihan Kepala Administrasi Proyek PT Disty mempersiapkan peserta dalam mengelola administrasi, operasional, perencanaan, dan pengendalian proyek secara profesional."
164,Pelatihan PT Disty,Kepala Administrasi Proyek,"Pelatihan untuk mempersiapkan peserta dalam mengelola administrasi, operasional, perencanaan, dan pengendalian proyek.",Apakah pelatihan Kepala Administrasi Proyek Disty sesuai untuk manajer proyek?,"Ya! Pelatihan Kepala Administrasi Proyek PT Disty mempersiapkan peserta untuk mengelola administrasi, operasional, perencanaan, dan pengendalian proyek."
165,Pelatihan PT Disty,Kepala Administrasi Proyek,"Pelatihan untuk mempersiapkan peserta dalam mengelola administrasi, operasional, perencanaan, dan pengendalian proyek.",Tolong jelaskan tujuan pelatihan Kepala Administrasi Proyek di PT Disty!,"Tujuannya adalah mempersiapkan peserta agar mampu mengelola administrasi, operasional, perencanaan, dan pengendalian proyek secara efektif."
166,Pelatihan PT Disty,Kepala Administrasi Proyek,"Pelatihan untuk mempersiapkan peserta dalam mengelola administrasi, operasional, perencanaan, dan pengendalian proyek.","Mau naik jabatan jadi kepala administrasi proyek, Disty ada pelatihannya?","Ada! Pelatihan Kepala Administrasi Proyek PT Disty mempersiapkan peserta untuk mengelola administrasi, operasional, perencanaan, dan pengendalian proyek."
167,Pelatihan PT Disty,Kepala Administrasi Proyek,"Pelatihan untuk mempersiapkan peserta dalam mengelola administrasi, operasional, perencanaan, dan pengendalian proyek.",Apa saja kompetensi yang dibangun dalam pelatihan Kepala Administrasi Proyek PT Disty?,"Kompetensi yang dibangun meliputi pengelolaan administrasi, operasional, perencanaan, dan pengendalian proyek."
168,Pelatihan PT Disty,Kepala Administrasi Proyek,"Pelatihan untuk mempersiapkan peserta dalam mengelola administrasi, operasional, perencanaan, dan pengendalian proyek.",Apakah pelatihan Kepala Administrasi Proyek Disty mencakup manajemen operasional?,"Ya! Pelatihan ini mencakup operasional bersama administrasi, perencanaan, dan pengendalian proyek."
169,Pelatihan PT Disty,Kepala Administrasi Proyek,"Pelatihan untuk mempersiapkan peserta dalam mengelola administrasi, operasional, perencanaan, dan pengendalian proyek.",Pelatihan kepala administrasi proyek Disty itu bahas pengendalian proyek gak?,"Bahas! Pelatihan Kepala Administrasi Proyek PT Disty secara khusus mencakup pengendalian proyek selain administrasi, operasional, dan perencanaan."
170,Pelatihan PT Disty,Kepala Administrasi Proyek,"Pelatihan untuk mempersiapkan peserta dalam mengelola administrasi, operasional, perencanaan, dan pengendalian proyek.",Cocok gak pelatihan ini buat yang baru ditunjuk jadi kepala admin proyek?,"Sangat cocok! Pelatihan Kepala Administrasi Proyek PT Disty mempersiapkan peserta dalam mengelola administrasi, operasional, perencanaan, dan pengendalian proyek dari awal."
171,Pelatihan PT Disty,Sekretaris,"Pelatihan untuk membekali peserta dengan keterampilan pengelolaan jadwal, surat-menyurat, dokumen, dan komunikasi profesional",Apa itu pelatihan Sekretaris dari PT Disty?,"Pelatihan Sekretaris PT Disty membekali peserta dengan keterampilan pengelolaan jadwal, surat-menyurat, dokumen, dan komunikasi profesional."
172,Pelatihan PT Disty,Sekretaris,"Pelatihan untuk membekali peserta dengan keterampilan pengelolaan jadwal, surat-menyurat, dokumen, dan komunikasi profesional",Disty ada pelatihan buat sekretaris profesional gak?,"Ada! PT Disty menyediakan pelatihan Sekretaris yang mencakup keterampilan pengelolaan jadwal, surat-menyurat, dokumen, dan komunikasi profesional."
173,Pelatihan PT Disty,Sekretaris,"Pelatihan untuk membekali peserta dengan keterampilan pengelolaan jadwal, surat-menyurat, dokumen, dan komunikasi profesional",Gimana pelatihan sekretaris di PT Disty?,"Pelatihan Sekretaris PT Disty membekali peserta dengan keterampilan pengelolaan jadwal, surat-menyurat, dokumen, dan komunikasi profesional."
174,Pelatihan PT Disty,Sekretaris,"Pelatihan untuk membekali peserta dengan keterampilan pengelolaan jadwal, surat-menyurat, dokumen, dan komunikasi profesional",Apakah pelatihan Sekretaris Disty mencakup keterampilan komunikasi profesional?,"Ya! Pelatihan Sekretaris PT Disty mencakup komunikasi profesional bersama pengelolaan jadwal, surat-menyurat, dan dokumen."
175,Pelatihan PT Disty,Sekretaris,"Pelatihan untuk membekali peserta dengan keterampilan pengelolaan jadwal, surat-menyurat, dokumen, dan komunikasi profesional",Tolong jelaskan materi pelatihan Sekretaris di PT Disty!,"Pelatihan Sekretaris PT Disty mencakup keterampilan pengelolaan jadwal, surat-menyurat, dokumen, dan komunikasi profesional secara lengkap."
176,Pelatihan PT Disty,Sekretaris,"Pelatihan untuk membekali peserta dengan keterampilan pengelolaan jadwal, surat-menyurat, dokumen, dan komunikasi profesional","Mau jadi sekretaris yang profesional, ada pelatihannya di Disty?","Ada! Pelatihan Sekretaris PT Disty membekali peserta dengan keterampilan pengelolaan jadwal, surat-menyurat, dokumen, dan komunikasi profesional."
177,Pelatihan PT Disty,Sekretaris,"Pelatihan untuk membekali peserta dengan keterampilan pengelolaan jadwal, surat-menyurat, dokumen, dan komunikasi profesional",Apa yang dipelajari dalam pelatihan Sekretaris PT Disty?,"Peserta mempelajari keterampilan pengelolaan jadwal, surat-menyurat, dokumen, dan komunikasi profesional dalam pelatihan Sekretaris PT Disty."
178,Pelatihan PT Disty,Sekretaris,"Pelatihan untuk membekali peserta dengan keterampilan pengelolaan jadwal, surat-menyurat, dokumen, dan komunikasi profesional",Apakah pelatihan sekretaris Disty mengajarkan cara kelola surat-menyurat?,"Ya! Pelatihan Sekretaris PT Disty mencakup surat-menyurat bersama pengelolaan jadwal, dokumen, dan komunikasi profesional."
179,Pelatihan PT Disty,Sekretaris,"Pelatihan untuk membekali peserta dengan keterampilan pengelolaan jadwal, surat-menyurat, dokumen, dan komunikasi profesional",Pelatihan sekretaris Disty itu bahas manajemen dokumen gak?,"Bahas! Pelatihan Sekretaris PT Disty mencakup pengelolaan dokumen bersama jadwal, surat-menyurat, dan komunikasi profesional."
180,Pelatihan PT Disty,Sekretaris,"Pelatihan untuk membekali peserta dengan keterampilan pengelolaan jadwal, surat-menyurat, dokumen, dan komunikasi profesional",Cocok gak pelatihan sekretaris Disty buat staf admin yang mau berkembang?,"Sangat cocok! Pelatihan Sekretaris PT Disty membekali peserta dengan keterampilan jadwal, surat-menyurat, dokumen, dan komunikasi profesional yang relevan untuk pengembangan karier."
181,Pelatihan PT Disty,Tata Usaha,"Pelatihan administrasi dasar yang mencakup pengarsipan, surat-menyurat, pembukuan sederhana, dan pengelolaan dokumen organisasi",Apa itu pelatihan Tata Usaha dari PT Disty?,"Pelatihan Tata Usaha PT Disty mencakup administrasi dasar seperti pengarsipan, surat-menyurat, pembukuan sederhana, dan pengelolaan dokumen organisasi."
182,Pelatihan PT Disty,Tata Usaha,"Pelatihan administrasi dasar yang mencakup pengarsipan, surat-menyurat, pembukuan sederhana, dan pengelolaan dokumen organisasi",PT Disty ada pelatihan tata usaha gak?,"Ada! PT Disty menyediakan pelatihan Tata Usaha yang mencakup pengarsipan, surat-menyurat, pembukuan sederhana, dan pengelolaan dokumen organisasi."
183,Pelatihan PT Disty,Tata Usaha,"Pelatihan administrasi dasar yang mencakup pengarsipan, surat-menyurat, pembukuan sederhana, dan pengelolaan dokumen organisasi",Gimana isi pelatihan tata usaha di PT Disty?,"Pelatihan Tata Usaha PT Disty membahas administrasi dasar meliputi pengarsipan, surat-menyurat, pembukuan sederhana, dan pengelolaan dokumen organisasi."
184,Pelatihan PT Disty,Tata Usaha,"Pelatihan administrasi dasar yang mencakup pengarsipan, surat-menyurat, pembukuan sederhana, dan pengelolaan dokumen organisasi",Apakah pelatihan Tata Usaha Disty mencakup pembukuan sederhana?,"Ya! Pelatihan Tata Usaha PT Disty mencakup pembukuan sederhana bersama pengarsipan, surat-menyurat, dan pengelolaan dokumen organisasi."
185,Pelatihan PT Disty,Tata Usaha,"Pelatihan administrasi dasar yang mencakup pengarsipan, surat-menyurat, pembukuan sederhana, dan pengelolaan dokumen organisasi",Tolong jelaskan materi pelatihan Tata Usaha di PT Disty!,"Pelatihan Tata Usaha PT Disty mencakup administrasi dasar: pengarsipan, surat-menyurat, pembukuan sederhana, dan pengelolaan dokumen organisasi."
186,Pelatihan PT Disty,Tata Usaha,"Pelatihan administrasi dasar yang mencakup pengarsipan, surat-menyurat, pembukuan sederhana, dan pengelolaan dokumen organisasi","Mau staf TU saya lebih kompeten, ada pelatihannya di Disty?","Ada! Pelatihan Tata Usaha PT Disty meningkatkan kompetensi pengarsipan, surat-menyurat, pembukuan sederhana, dan pengelolaan dokumen organisasi."
187,Pelatihan PT Disty,Tata Usaha,"Pelatihan administrasi dasar yang mencakup pengarsipan, surat-menyurat, pembukuan sederhana, dan pengelolaan dokumen organisasi",Apa saja yang diajarkan dalam pelatihan Tata Usaha PT Disty?,"Pelatihan Tata Usaha PT Disty mengajarkan pengarsipan, surat-menyurat, pembukuan sederhana, dan pengelolaan dokumen organisasi."
188,Pelatihan PT Disty,Tata Usaha,"Pelatihan administrasi dasar yang mencakup pengarsipan, surat-menyurat, pembukuan sederhana, dan pengelolaan dokumen organisasi",Apakah pelatihan tata usaha Disty juga mengajarkan pengarsipan dokumen?,"Ya! Pengarsipan adalah salah satu materi utama dalam pelatihan Tata Usaha PT Disty, bersama surat-menyurat, pembukuan sederhana, dan pengelolaan dokumen."
189,Pelatihan PT Disty,Tata Usaha,"Pelatihan administrasi dasar yang mencakup pengarsipan, surat-menyurat, pembukuan sederhana, dan pengelolaan dokumen organisasi",Pelatihan tata usaha Disty itu bahas pengelolaan dokumen organisasi gak?,"Bahas! Pelatihan Tata Usaha PT Disty secara khusus mencakup pengelolaan dokumen organisasi bersama pengarsipan, surat-menyurat, dan pembukuan sederhana."
190,Pelatihan PT Disty,Tata Usaha,"Pelatihan administrasi dasar yang mencakup pengarsipan, surat-menyurat, pembukuan sederhana, dan pengelolaan dokumen organisasi",Cocok gak pelatihan tata usaha Disty buat pegawai sekolah atau perkantoran?,"Sangat cocok! Pelatihan Tata Usaha PT Disty mencakup administrasi dasar seperti pengarsipan, surat-menyurat, pembukuan sederhana, dan pengelolaan dokumen yang relevan untuk berbagai instansi."
191,Pelatihan PT Disty,Staf Administrasi,"Pelatihan untuk mengembangkan kemampuan administrasi harian, penjadwalan, pengelolaan dokumen, penggunaan aplikasi kantor, dan komunikasi internal",Apa itu pelatihan Staf Administrasi dari PT Disty?,"Pelatihan Staf Administrasi PT Disty mengembangkan kemampuan administrasi harian, penjadwalan, pengelolaan dokumen, penggunaan aplikasi kantor, dan komunikasi internal."
192,Pelatihan PT Disty,Staf Administrasi,"Pelatihan untuk mengembangkan kemampuan administrasi harian, penjadwalan, pengelolaan dokumen, penggunaan aplikasi kantor, dan komunikasi internal",PT Disty ada pelatihan staf administrasi gak?,"Ada! PT Disty menyediakan pelatihan Staf Administrasi yang mencakup administrasi harian, penjadwalan, pengelolaan dokumen, aplikasi kantor, dan komunikasi internal."
193,Pelatihan PT Disty,Staf Administrasi,"Pelatihan untuk mengembangkan kemampuan administrasi harian, penjadwalan, pengelolaan dokumen, penggunaan aplikasi kantor, dan komunikasi internal",Gimana pelatihan staf administrasi di PT Disty?,"Pelatihan Staf Administrasi PT Disty mencakup administrasi harian, penjadwalan, pengelolaan dokumen, aplikasi kantor, dan komunikasi internal."
194,Pelatihan PT Disty,Staf Administrasi,"Pelatihan untuk mengembangkan kemampuan administrasi harian, penjadwalan, pengelolaan dokumen, penggunaan aplikasi kantor, dan komunikasi internal",Apakah pelatihan Staf Administrasi Disty mengajarkan penggunaan aplikasi kantor?,"Ya! Pelatihan Staf Administrasi PT Disty mencakup penggunaan aplikasi kantor bersama administrasi harian, penjadwalan, pengelolaan dokumen, dan komunikasi internal."
195,Pelatihan PT Disty,Staf Administrasi,"Pelatihan untuk mengembangkan kemampuan administrasi harian, penjadwalan, pengelolaan dokumen, penggunaan aplikasi kantor, dan komunikasi internal",Tolong jelaskan materi pelatihan Staf Administrasi di PT Disty!,"Pelatihan Staf Administrasi PT Disty meliputi administrasi harian, penjadwalan, pengelolaan dokumen, penggunaan aplikasi kantor, dan komunikasi internal."
196,Pelatihan PT Disty,Staf Administrasi,"Pelatihan untuk mengembangkan kemampuan administrasi harian, penjadwalan, pengelolaan dokumen, penggunaan aplikasi kantor, dan komunikasi internal","Mau staf admin saya lebih produktif, Disty ada solusinya?","Ada! Pelatihan Staf Administrasi PT Disty meningkatkan kemampuan administrasi harian, penjadwalan, pengelolaan dokumen, aplikasi kantor, dan komunikasi internal."
197,Pelatihan PT Disty,Staf Administrasi,"Pelatihan untuk mengembangkan kemampuan administrasi harian, penjadwalan, pengelolaan dokumen, penggunaan aplikasi kantor, dan komunikasi internal",Apa manfaat mengikuti pelatihan Staf Administrasi di PT Disty?,"Peserta akan mengembangkan kemampuan administrasi harian, penjadwalan, pengelolaan dokumen, penggunaan aplikasi kantor, dan komunikasi internal."
198,Pelatihan PT Disty,Staf Administrasi,"Pelatihan untuk mengembangkan kemampuan administrasi harian, penjadwalan, pengelolaan dokumen, penggunaan aplikasi kantor, dan komunikasi internal",Apakah pelatihan staf administrasi Disty membahas komunikasi internal?,"Ya! Pelatihan Staf Administrasi PT Disty mencakup komunikasi internal bersama administrasi harian, penjadwalan, pengelolaan dokumen, dan aplikasi kantor."
199,Pelatihan PT Disty,Staf Administrasi,"Pelatihan untuk mengembangkan kemampuan administrasi harian, penjadwalan, pengelolaan dokumen, penggunaan aplikasi kantor, dan komunikasi internal",Pelatihan staf administrasi Disty itu bahas penjadwalan kerja gak?,"Bahas! Penjadwalan adalah salah satu materi dalam pelatihan Staf Administrasi PT Disty, bersama administrasi harian, pengelolaan dokumen, aplikasi kantor, dan komunikasi internal."
200,Pelatihan PT Disty,Staf Administrasi,"Pelatihan untuk mengembangkan kemampuan administrasi harian, penjadwalan, pengelolaan dokumen, penggunaan aplikasi kantor, dan komunikasi internal",Cocok gak pelatihan staf admin Disty buat yang baru masuk kerja?,"Sangat cocok! Pelatihan Staf Administrasi PT Disty membekali peserta baru dengan administrasi harian, penjadwalan, pengelolaan dokumen, aplikasi kantor, dan komunikasi internal."
201,Pelatihan PT Disty,Sekuriti,"Pelatihan keamanan yang mencakup pengawasan, pengendalian akses, identifikasi risiko, investigasi, serta penanganan kondisi darurat",Apa itu pelatihan Sekuriti dari PT Disty?,"Pelatihan Sekuriti PT Disty mencakup pengawasan, pengendalian akses, identifikasi risiko, investigasi, serta penanganan kondisi darurat."
202,Pelatihan PT Disty,Sekuriti,"Pelatihan keamanan yang mencakup pengawasan, pengendalian akses, identifikasi risiko, investigasi, serta penanganan kondisi darurat",PT Disty ada pelatihan untuk petugas keamanan gak?,"Ada! PT Disty menyediakan pelatihan Sekuriti yang mencakup pengawasan, pengendalian akses, identifikasi risiko, investigasi, dan penanganan kondisi darurat."
203,Pelatihan PT Disty,Sekuriti,"Pelatihan keamanan yang mencakup pengawasan, pengendalian akses, identifikasi risiko, investigasi, serta penanganan kondisi darurat",Gimana pelatihan sekuriti di PT Disty?,"Pelatihan Sekuriti PT Disty mencakup pengawasan, pengendalian akses, identifikasi risiko, investigasi, serta penanganan kondisi darurat secara profesional."
204,Pelatihan PT Disty,Sekuriti,"Pelatihan keamanan yang mencakup pengawasan, pengendalian akses, identifikasi risiko, investigasi, serta penanganan kondisi darurat",Apakah pelatihan Sekuriti Disty mengajarkan cara penanganan darurat?,"Ya! Pelatihan Sekuriti PT Disty mencakup penanganan kondisi darurat bersama pengawasan, pengendalian akses, identifikasi risiko, dan investigasi."
205,Pelatihan PT Disty,Sekuriti,"Pelatihan keamanan yang mencakup pengawasan, pengendalian akses, identifikasi risiko, investigasi, serta penanganan kondisi darurat",Tolong jelaskan materi pelatihan Sekuriti di PT Disty!,"Pelatihan Sekuriti PT Disty meliputi pengawasan, pengendalian akses, identifikasi risiko, investigasi, dan penanganan kondisi darurat."
206,Pelatihan PT Disty,Sekuriti,"Pelatihan keamanan yang mencakup pengawasan, pengendalian akses, identifikasi risiko, investigasi, serta penanganan kondisi darurat","Mau tingkatkan kemampuan satpam di perusahaan saya, Disty ada pelatihannya?","Ada! Pelatihan Sekuriti PT Disty mencakup pengawasan, pengendalian akses, identifikasi risiko, investigasi, dan penanganan kondisi darurat."
207,Pelatihan PT Disty,Sekuriti,"Pelatihan keamanan yang mencakup pengawasan, pengendalian akses, identifikasi risiko, investigasi, serta penanganan kondisi darurat",Apa saja kompetensi yang dibangun dalam pelatihan Sekuriti PT Disty?,"Kompetensi yang dibangun meliputi pengawasan, pengendalian akses, identifikasi risiko, investigasi, dan penanganan kondisi darurat."
208,Pelatihan PT Disty,Sekuriti,"Pelatihan keamanan yang mencakup pengawasan, pengendalian akses, identifikasi risiko, investigasi, serta penanganan kondisi darurat",Apakah pelatihan Sekuriti Disty mencakup materi identifikasi risiko keamanan?,"Ya! Pelatihan Sekuriti PT Disty secara khusus mencakup identifikasi risiko bersama pengawasan, pengendalian akses, investigasi, dan penanganan darurat."
209,Pelatihan PT Disty,Sekuriti,"Pelatihan keamanan yang mencakup pengawasan, pengendalian akses, identifikasi risiko, investigasi, serta penanganan kondisi darurat",Pelatihan sekuriti Disty itu bahas investigasi insiden gak?,"Bahas! Investigasi adalah salah satu materi dalam pelatihan Sekuriti PT Disty, bersama pengawasan, pengendalian akses, identifikasi risiko, dan penanganan darurat."
210,Pelatihan PT Disty,Sekuriti,"Pelatihan keamanan yang mencakup pengawasan, pengendalian akses, identifikasi risiko, investigasi, serta penanganan kondisi darurat",Cocok gak pelatihan sekuriti Disty buat petugas keamanan yang baru direkrut?,"Sangat cocok! Pelatihan Sekuriti PT Disty membekali petugas baru dengan pengawasan, pengendalian akses, identifikasi risiko, investigasi, dan penanganan kondisi darurat."
211,Pelatihan PT Disty,K3 Umum,"Pelatihan keselamatan dan kesehatan kerja yang membahas identifikasi bahaya, pencegahan kecelakaan, penggunaan APD, serta standar K3.",Apa itu pelatihan K3 Umum dari PT Disty?,"Pelatihan K3 Umum PT Disty membahas identifikasi bahaya, pencegahan kecelakaan, penggunaan APD, serta standar keselamatan dan kesehatan kerja."
212,Pelatihan PT Disty,K3 Umum,"Pelatihan keselamatan dan kesehatan kerja yang membahas identifikasi bahaya, pencegahan kecelakaan, penggunaan APD, serta standar K3.",PT Disty ada pelatihan K3 untuk karyawan?,"Ada! PT Disty menyediakan pelatihan K3 Umum yang mencakup identifikasi bahaya, pencegahan kecelakaan, penggunaan APD, dan standar K3."
213,Pelatihan PT Disty,K3 Umum,"Pelatihan keselamatan dan kesehatan kerja yang membahas identifikasi bahaya, pencegahan kecelakaan, penggunaan APD, serta standar K3.",Gimana pelatihan K3 Umum di PT Disty?,"Pelatihan K3 Umum PT Disty mencakup identifikasi bahaya, pencegahan kecelakaan, penggunaan APD, dan standar keselamatan dan kesehatan kerja."
214,Pelatihan PT Disty,K3 Umum,"Pelatihan keselamatan dan kesehatan kerja yang membahas identifikasi bahaya, pencegahan kecelakaan, penggunaan APD, serta standar K3.",Apakah pelatihan K3 Umum Disty mengajarkan penggunaan APD?,"Ya! Pelatihan K3 Umum PT Disty mencakup penggunaan APD bersama identifikasi bahaya, pencegahan kecelakaan, dan standar K3."
215,Pelatihan PT Disty,K3 Umum,"Pelatihan keselamatan dan kesehatan kerja yang membahas identifikasi bahaya, pencegahan kecelakaan, penggunaan APD, serta standar K3.",Tolong jelaskan materi pelatihan K3 Umum di PT Disty!,"Pelatihan K3 Umum PT Disty mencakup identifikasi bahaya, pencegahan kecelakaan, penggunaan APD, serta standar keselamatan dan kesehatan kerja."
216,Pelatihan PT Disty,K3 Umum,"Pelatihan keselamatan dan kesehatan kerja yang membahas identifikasi bahaya, pencegahan kecelakaan, penggunaan APD, serta standar K3.","Mau pastiin keselamatan kerja di perusahaan saya, Disty ada pelatihannya?","Ada! Pelatihan K3 Umum PT Disty membahas identifikasi bahaya, pencegahan kecelakaan, penggunaan APD, dan standar K3 yang wajib dipahami."
217,Pelatihan PT Disty,K3 Umum,"Pelatihan keselamatan dan kesehatan kerja yang membahas identifikasi bahaya, pencegahan kecelakaan, penggunaan APD, serta standar K3.",Apa saja yang diajarkan dalam pelatihan K3 Umum PT Disty?,"Pelatihan K3 Umum PT Disty mengajarkan identifikasi bahaya, pencegahan kecelakaan, penggunaan APD, dan standar keselamatan kesehatan kerja."
218,Pelatihan PT Disty,K3 Umum,"Pelatihan keselamatan dan kesehatan kerja yang membahas identifikasi bahaya, pencegahan kecelakaan, penggunaan APD, serta standar K3.",Apakah pelatihan K3 Disty membahas cara pencegahan kecelakaan kerja?,"Ya! Pelatihan K3 Umum PT Disty mencakup pencegahan kecelakaan bersama identifikasi bahaya, penggunaan APD, dan standar K3."
219,Pelatihan PT Disty,K3 Umum,"Pelatihan keselamatan dan kesehatan kerja yang membahas identifikasi bahaya, pencegahan kecelakaan, penggunaan APD, serta standar K3.",Pelatihan K3 Disty itu bahas identifikasi bahaya di tempat kerja gak?,"Bahas! Identifikasi bahaya adalah salah satu materi utama dalam pelatihan K3 Umum PT Disty, bersama pencegahan kecelakaan, APD, dan standar K3."
220,Pelatihan PT Disty,K3 Umum,"Pelatihan keselamatan dan kesehatan kerja yang membahas identifikasi bahaya, pencegahan kecelakaan, penggunaan APD, serta standar K3.",Cocok gak pelatihan K3 Disty buat perusahaan manufaktur atau konstruksi?,"Sangat cocok! Pelatihan K3 Umum PT Disty mencakup identifikasi bahaya, pencegahan kecelakaan, APD, dan standar K3 yang relevan untuk industri manufaktur dan konstruksi."
221,Pelatihan PT Disty,Teknis Spesifik,"Pelatihan khusus sesuai kebutuhan bidang tertentu, seperti tata busana, tata rias, atau keterampilan teknis lain sesuai permintaan klien.",Apa itu pelatihan Teknis Spesifik dari PT Disty?,"Pelatihan Teknis Spesifik PT Disty adalah pelatihan khusus sesuai kebutuhan bidang tertentu, seperti tata busana, tata rias, atau keterampilan teknis lain sesuai permintaan klien."
222,Pelatihan PT Disty,Teknis Spesifik,"Pelatihan khusus sesuai kebutuhan bidang tertentu, seperti tata busana, tata rias, atau keterampilan teknis lain sesuai permintaan klien.",PT Disty bisa bikin pelatihan sesuai kebutuhan khusus perusahaan saya?,"Bisa! PT Disty menyediakan pelatihan Teknis Spesifik yang disesuaikan dengan kebutuhan bidang tertentu seperti tata busana, tata rias, atau keterampilan teknis lain sesuai permintaan klien."
223,Pelatihan PT Disty,Teknis Spesifik,"Pelatihan khusus sesuai kebutuhan bidang tertentu, seperti tata busana, tata rias, atau keterampilan teknis lain sesuai permintaan klien.",Gimana pelatihan teknis spesifik di PT Disty?,"Pelatihan Teknis Spesifik PT Disty dirancang khusus sesuai kebutuhan bidang tertentu, seperti tata busana, tata rias, atau keterampilan teknis lain berdasarkan permintaan klien."
224,Pelatihan PT Disty,Teknis Spesifik,"Pelatihan khusus sesuai kebutuhan bidang tertentu, seperti tata busana, tata rias, atau keterampilan teknis lain sesuai permintaan klien.",Apakah PT Disty bisa menyediakan pelatihan tata rias atau tata busana?,"Ya! Pelatihan Teknis Spesifik PT Disty mencakup tata rias, tata busana, dan keterampilan teknis lain yang disesuaikan dengan kebutuhan klien."
225,Pelatihan PT Disty,Teknis Spesifik,"Pelatihan khusus sesuai kebutuhan bidang tertentu, seperti tata busana, tata rias, atau keterampilan teknis lain sesuai permintaan klien.",Tolong jelaskan apa itu pelatihan Teknis Spesifik dari PT Disty!,"Pelatihan Teknis Spesifik PT Disty adalah pelatihan khusus yang dirancang sesuai kebutuhan bidang tertentu, mulai dari tata busana, tata rias, hingga keterampilan teknis lain atas permintaan klien."
226,Pelatihan PT Disty,Teknis Spesifik,"Pelatihan khusus sesuai kebutuhan bidang tertentu, seperti tata busana, tata rias, atau keterampilan teknis lain sesuai permintaan klien.","Mau bikin pelatihan yang tidak ada di daftar standar, Disty bisa akomodir?","Bisa! PT Disty punya layanan pelatihan Teknis Spesifik yang dapat disesuaikan dengan kebutuhan khusus, seperti tata busana, tata rias, atau keterampilan teknis lainnya."
227,Pelatihan PT Disty,Teknis Spesifik,"Pelatihan khusus sesuai kebutuhan bidang tertentu, seperti tata busana, tata rias, atau keterampilan teknis lain sesuai permintaan klien.",Apa saja contoh pelatihan teknis spesifik yang bisa diadakan PT Disty?,"Contoh pelatihan Teknis Spesifik PT Disty antara lain tata busana, tata rias, dan berbagai keterampilan teknis lain yang disesuaikan dengan permintaan klien."
228,Pelatihan PT Disty,Teknis Spesifik,"Pelatihan khusus sesuai kebutuhan bidang tertentu, seperti tata busana, tata rias, atau keterampilan teknis lain sesuai permintaan klien.",Apakah pelatihan teknis spesifik Disty bisa dikustomisasi sepenuhnya?,"Ya! Pelatihan Teknis Spesifik PT Disty sepenuhnya disesuaikan dengan kebutuhan bidang tertentu dan permintaan klien, termasuk tata busana, tata rias, dan lainnya."
229,Pelatihan PT Disty,Teknis Spesifik,"Pelatihan khusus sesuai kebutuhan bidang tertentu, seperti tata busana, tata rias, atau keterampilan teknis lain sesuai permintaan klien.",Pelatihan teknis spesifik Disty bisa untuk bidang fashion gak?,"Bisa! Pelatihan Teknis Spesifik PT Disty mencakup bidang tata busana yang merupakan bagian dari fashion, serta tata rias dan keterampilan teknis lain sesuai permintaan."
230,Pelatihan PT Disty,Teknis Spesifik,"Pelatihan khusus sesuai kebutuhan bidang tertentu, seperti tata busana, tata rias, atau keterampilan teknis lain sesuai permintaan klien.","Kalo kebutuhan pelatihan kami unik dan belum ada di katalog, Disty gimana?","PT Disty siap membantu! Melalui pelatihan Teknis Spesifik, Disty merancang program khusus sesuai kebutuhan bidang tertentu, dari tata busana dan tata rias hingga keterampilan teknis lain atas permintaan klien."
